{
    "schema": "fast-exp2\/1",
    "captured": "2026-06-29T16:56:26+00:00",
    "params": {
        "N": 100000,
        "LOOKUPS": 200000,
        "B": 8,
        "keyRead": 64,
        "seed": 1,
        "alphas": [
            0.5,
            0.7,
            0.9
        ],
        "hasXxh": true
    },
    "results": [
        {
            "name": "open-linear-40",
            "alpha": 0.5,
            "dirBytes": 8000000,
            "n": 100000,
            "hitR": {
                "avg": 1.4939,
                "p99": 7,
                "max": 28
            },
            "missR": {
                "avg": 2.5003,
                "p99": 14,
                "max": 42
            },
            "hitB": {
                "avg": 123.756,
                "p99": 344,
                "max": 1184
            },
            "missB": {
                "avg": 100.012,
                "p99": 560,
                "max": 1680
            },
            "ins": {
                "avg": 1.4939,
                "p99": 7,
                "max": 28
            },
            "keyReadsHit": 1
        },
        {
            "name": "bucket-fp",
            "alpha": 0.5,
            "dirBytes": 1600000,
            "n": 100000,
            "hitR": {
                "avg": 1.00982,
                "p99": 1,
                "max": 6
            },
            "missR": {
                "avg": 1.0637,
                "p99": 2,
                "max": 6
            },
            "hitB": {
                "avg": 129.12128,
                "p99": 192,
                "max": 448
            },
            "missB": {
                "avg": 69.2128,
                "p99": 128,
                "max": 384
            },
            "ins": {
                "avg": 1.00982,
                "p99": 1,
                "max": 6
            },
            "keyReadsHit": 1.0077
        },
        {
            "name": "open-linear-40",
            "alpha": 0.7,
            "dirBytes": 5714320,
            "n": 100000,
            "hitR": {
                "avg": 2.16992,
                "p99": 15,
                "max": 110
            },
            "missR": {
                "avg": 6.0439,
                "p99": 40,
                "max": 114
            },
            "hitB": {
                "avg": 150.7968,
                "p99": 664,
                "max": 4464
            },
            "missB": {
                "avg": 241.756,
                "p99": 1600,
                "max": 4560
            },
            "ins": {
                "avg": 2.16992,
                "p99": 15,
                "max": 110
            },
            "keyReadsHit": 1
        },
        {
            "name": "bucket-fp",
            "alpha": 0.7,
            "dirBytes": 1142912,
            "n": 100000,
            "hitR": {
                "avg": 1.06411,
                "p99": 3,
                "max": 11
            },
            "missR": {
                "avg": 1.4435,
                "p99": 6,
                "max": 12
            },
            "hitB": {
                "avg": 132.89088,
                "p99": 256,
                "max": 832
            },
            "missB": {
                "avg": 94.4256,
                "p99": 384,
                "max": 832
            },
            "ins": {
                "avg": 1.06411,
                "p99": 3,
                "max": 11
            },
            "keyReadsHit": 1.01231
        },
        {
            "name": "open-linear-40",
            "alpha": 0.9,
            "dirBytes": 4444480,
            "n": 100000,
            "hitR": {
                "avg": 5.47188,
                "p99": 75,
                "max": 771
            },
            "missR": {
                "avg": 50.35695,
                "p99": 403,
                "max": 836
            },
            "hitB": {
                "avg": 282.8752,
                "p99": 3064,
                "max": 30904
            },
            "missB": {
                "avg": 2014.278,
                "p99": 16120,
                "max": 33440
            },
            "ins": {
                "avg": 5.47188,
                "p99": 75,
                "max": 771
            },
            "keyReadsHit": 1
        },
        {
            "name": "bucket-fp",
            "alpha": 0.9,
            "dirBytes": 888896,
            "n": 100000,
            "hitR": {
                "avg": 1.41245,
                "p99": 9,
                "max": 62
            },
            "missR": {
                "avg": 6.4107,
                "p99": 43,
                "max": 70
            },
            "hitB": {
                "avg": 156.048,
                "p99": 640,
                "max": 4032
            },
            "missB": {
                "avg": 422.4832,
                "p99": 2816,
                "max": 4800
            },
            "ins": {
                "avg": 1.41245,
                "p99": 9,
                "max": 62
            },
            "keyReadsHit": 1.0258
        }
    ]
}
